"Timestamp,""participantsID"",""Visualisierung:"",""Skill:"",""1. what about the just tested visualization type (invisible, abstract, human) increase the usability of the conversation?"",""2. what about the just tested visualization type decrease the usability of the conversation?"""
"2018/12/06 9:23:17 AM MEZ,""1"",""Human"",""SMS"",""Interacting with a human made me feel more connected to the outside world in contrast to me previous experiences with VR headsets and AR applications which all shielded me from my surrounding "",""The wifi on the set of the experiment was sub optimal which made the delay a pain in the ass."""
"2018/12/06 9:49:57 AM MEZ,""1"",""Abstract"",""SMS"",""Having the avatar not be that try hard human like and therefore avoiding the uncanny valley made me appreciate the service that it provided much more."",""The wifi."""
"2018/12/06 9:57:43 AM MEZ,""1"",""Invisible"",""WEATHER"",""As I wanted to just text someone I felt it unnecessary to have a visualization of someone texting my text to someone else. I found the text only version to be the least confusing and demanding of my cognitive resources. In a world of visual clutter and complex information I think simplicity is the way to go "",""The Wifi Connection made the delay too long. """
"2018/12/06 10:04:37 AM MEZ,""1"",""Invisible"",""SMS"",""The simplicity of the interface made it very easy to understand what was happening and I was not distracted by animations. "",""A felt as if i had a gender bias in technical matters. Meaning that I felt more confident having the male voice assistant send my mom a text than the female one."""
"2018/12/06 10:15:22 AM MEZ,""1"",""Abstract"",""WEATHER"",""Having the weather information displayed helped to progress complex informations"",""having an abstract avatar behave like a human weatherman and gesture in the same way that person would do was too silly to be able to focus on the wanted information. """
"2018/12/06 10:22:52 AM MEZ,""1"",""Human"",""CALL"",""Showing an animation of the calling process made me aware where we are on the way of assistant calling the other person."",""I overall believe that having human figures doing tasks for me feels kind of odd. If i want anyone calling people I know I would have to establish a personal relationship before and build trust. Now it felt like a stranger calling my mom for me and that in a very goofy way aswell"""
"2018/12/06 10:31:25 AM MEZ,""1"",""Human"",""WEATHER"",""Having a humanoid talking about human related topics like weather made it more relatable that they behaved and kind of looked like humans as well."",""The wifi delay, everthing else was fine. I wouldn´t want to use human avatar animations for just getting weather information tho, whats the promise of AR here that TV with real people and apps with 2D interfaces cant give."""
"2018/12/06 10:37:14 AM MEZ,""1"",""Abstract"",""CALL"",""The calling animation works like a progress bar to know where we are in the progress of calling a person."",""Why not just call a person. Seems to me as if it would be faster and less straining."""
"2018/12/06 10:43:22 AM MEZ,""1"",""Invisible"",""CALL"",""It was straight to the point and it did what I wanted it to do. No questions asked and no unnecessary visual distraction."",""Everything worked fine."""
"2018/12/06 2:27:15 PM MEZ,""2"",""Abstract"",""SMS"",""es ist gut zu sehen,, das etwas passiert wenn man technische Unterstützung benutzt. Es ist nicht ganz so abgehoben. Die abstrakte Darstellung macht es möglich, nicht zu abgelenkt von dem zu sein, was man von dem System möchte"",""Man könnte aber zu Anfang erst mal abgelenkt werde."""
"2018/12/06 2:36:20 PM MEZ,""2"",""Invisible"",""SMS"",""Sicherlich hilfreich, wenn man sich optisch auf andere Dinge konzentrieren muss."",""Im Vergleich zu der abstrakten Ausführung fühlt man sich ja auf einmal total alleine gelassen"""
"2018/12/06 2:45:03 PM MEZ,""2"",""Human"",""SMS"",""Sehr humanoide Visualisierung, schafft irgendwie sowas vie Verbindung..."",""Kann auch am, Anfang wenigstens, richtig anstrengend und ablenkend sein."""
"2018/12/06 2:53:28 PM MEZ,""2"",""Human"",""CALL"",""wie bei humanoid vorher"",""immer noch gewöhnungsbedürftig..."""
"2018/12/06 3:00:12 PM MEZ,""2"",""Invisible"",""WEATHER"",""Erstaunlich, wie komisch es sich anfühlt, wenn mann nichts sieht. Man konzentriert sich dann aber doch mehr auf den Inhalt."",""Man weiss nicht wann das System bereit ist wenn man nicht sieht."""
"2018/12/06 3:08:54 PM MEZ,""2"",""Abstract"",""CALL"",""erstaunlich, wie gut diese Darstellung einen anspricht, ohne zu sehr präsent zu sein und trotzdem lebendig wirkt, ohne so zu tun als sei es ein Mensch."",""das was ich gut finde ist auch ablenkend, siehe oben."""
"2018/12/06 3:25:12 PM MEZ,""2"",""Abstract"",""WEATHER"",""Siehe vorherige Antworten"",""da sieht man, dass ohne schnelles Internet nix läuft....."""
"2018/12/06 3:30:40 PM MEZ,""2"",""Invisible"",""CALL"",""siehe vorherige Antworten"",""im Vergleich zu visualisiertem Assistenten wirklich zu technisch - obwohls ja nicht stimmt..."""
"2018/12/06 3:34:49 PM MEZ,""2"",""Human"",""WEATHER"",""siehe vorherige Kommentare."",""Humanoid ist mir persönlich zu direkt."""
"2018/12/10 9:22:03 AM MEZ,""3"",""Invisible"",""SMS"",""no increase, just a simple speech assistant"",""no visualization, didn't feel like a conversation"""
"2018/12/10 9:30:35 AM MEZ,""3"",""Human"",""CALL"",""strong increase, felt like real conversation"",""no decrease"""
"2018/12/10 9:37:30 AM MEZ,""3"",""Abstract"",""SMS"",""no increase"",""colors and abstraction made me less concentrate to the conversation"""
"2018/12/10 2:25:31 PM MEZ,""4"",""Human"",""CALL"",""none"",""none"""
"2018/12/10 2:40:12 PM MEZ,""4"",""Abstract"",""CALL"",""less blinking"",""no visible eyes"""
"2018/12/10 2:42:31 PM MEZ,""4"",""Invisible"",""SMS"",""none"",""none"""
"2018/12/10 2:47:11 PM MEZ,""4"",""Invisible"",""CALL"",""none"",""none"""
"2018/12/10 2:51:25 PM MEZ,""4"",""Abstract"",""SMS"",""none"",""none"""
"2018/12/10 2:56:30 PM MEZ,""4"",""Human"",""WEATHER"",""none"",""none"""
"2018/12/10 3:00:40 PM MEZ,""4"",""Human"",""SMS"",""waiting, if there is a break between two sentences"",""none"""
"2018/12/10 3:03:46 PM MEZ,""4"",""Abstract"",""WEATHER"",""none"",""none"""
"2018/12/10 3:08:20 PM MEZ,""4"",""Invisible"",""WEATHER"",""guidance where the forecast screen will appear"",""no forecast screen"""
"2018/12/10 4:04:20 PM MEZ,""3"",""Abstract"",""CALL"",""something visual you can speak to"",""color and wireframe of abstract model hurts the eyes. hard to focus on the rest"""
"2018/12/10 4:09:28 PM MEZ,""3"",""Human"",""SMS"",""that the avatar ins answering and has questions to me"",""the text in the background"""
"2018/12/10 4:14:45 PM MEZ,""3"",""Invisible"",""CALL"",""nothing"",""no visualisation"""
"2018/12/10 4:19:27 PM MEZ,""3"",""Invisible"",""WEATHER"",""nothing"",""noone to speak to. don't know exactly when to start because no feedback or hint"""
"2018/12/10 4:24:02 PM MEZ,""3"",""Human"",""WEATHER"",""visual feedback and the gestures"",""nothing"""
"2018/12/10 4:33:40 PM MEZ,""3"",""Abstract"",""WEATHER"",""a bit of visualisation"",""the abstraction of human and the colour """
"2018/12/10 6:23:07 PM MEZ,""5"",""Abstract"",""CALL"",""Movements of visualization (eye contact, phone call, ...)"",""Visual style was very distracting and in some way made the whole process of the interaction with the assistant very unpleasant. I did not want to keep looking at the speech assistant."""
"2018/12/10 6:29:31 PM MEZ,""5"",""Invisible"",""CALL"",""No distraction from a visual component."",""Only voice and tone of speech as a connection between participant and speech assistant. No other connection like body language."""
"2018/12/10 6:39:01 PM MEZ,""5"",""Human"",""CALL"",""Familiar type of visualization (human) makes it easy to connect to the speech assistant."",""While the visualization was well done and made it easy to connect to the speech assistant, I do not see the necessity to have the assistant stand on the ground. Also the glasses are a bit heavy and seem a bit unhandy."""
"2018/12/10 6:45:21 PM MEZ,""5"",""Human"",""WEATHER"",""The presentation of the weather was nice and creates a new layer of interaction between the user and the speech assistant (because the user is encouraged to look at the presented information) "",""The presentation of the weather itself was too fast (quick despawn) and also compared with the visualization itself, it was not very nicely designed."""
"2018/12/10 6:53:09 PM MEZ,""5"",""Invisible"",""SMS"",""Same as last time."",""Very difficult way to actually transfer the message to the receiver. Because of the grammatical structure used in the question and answer (which differ in the actual message to be sent)."""
"2018/12/10 6:58:20 PM MEZ,""5"",""Abstract"",""WEATHER"",""Same as before (body language, visualization of weather)."",""Same as before (visual disruption because of the design/colors of the speech assistant, weather information in a different visual style)"""
"2018/12/10 7:08:47 PM MEZ,""5"",""Abstract"",""SMS"",""Same as before (body movements)"",""Same as before (unpleasant visual style, message creating process) but it was easier to use this time because I could learn from the previous time"""
"2018/12/10 7:16:04 PM MEZ,""5"",""Invisible"",""WEATHER"",""Same as before"",""Same as before but this time the visual presentation of the weather felt out of place. If you just communicate via voice and without visual clues, a vocal answer is expected and enough."""
"2018/12/10 7:25:43 PM MEZ,""5"",""Human"",""SMS"",""Same as before"",""Same as before"""
"2018/12/11 2:31:50 PM MEZ,""6"",""Invisible"",""CALL"",""Ich wurde nicht abgelenkt"",""für mich hat das unsichtbare interface die Interaktion nicht verbessert, es gab keinen klaren punkt auf den man schauen konnte und es war unklar woher die stimme räumlich gesehen kam. Die ich in einem visuellen Medium bin, brauche ich ein visuelles Feedback. """
"2018/12/11 2:35:23 PM MEZ,""6"",""Human"",""WEATHER"",""Blickpunkt war da, ich hatte wusste mit wem ich spreche und wer mir antworten gibt."",""Die person hat sich mir abgewandt als sie das Ergebnis präsentiert hat, außerdem war ich etwas abgelenkt, dadurch, dass ich mir die Person erstmal genau angesehen habe. """
"2018/12/11 2:44:03 PM MEZ,""6"",""Abstract"",""CALL"",""Klarer Fokus punkt in der Person"",""Farbverlauf hat abgelenkt, insgesamt war es zu menschenähnlich, aber dann doch kein richtiger Mensch """
"2018/12/11 2:50:02 PM MEZ,""6"",""Abstract"",""WEATHER"",""Klarer Fokus punkt in der Mesh person"",""Flimmern des Körpers war ablenkend. Person dreht sich weg wenn sie das Ergebnis präsentiert. """
"2018/12/11 3:06:53 PM MEZ,""6"",""Human"",""CALL"",""Ich hatte eine Bezugsperson mit der ich gesprochen habe."",""Ich empfand das ans Handy gehen zu unrealistisch, insgesamt möchte ich jemanden anrufen und nicht der Avatar """
"2018/12/11 3:13:46 PM MEZ,""6"",""Invisible"",""WEATHER"",""Keine Ablenkung durch eine Person"",""Kein klarer Fokus punkt oder eine Bezugsperson von der die Stimme kam """
"2018/12/11 3:23:28 PM MEZ,""6"",""Invisible"",""SMS"",""keine ablenkung"",""kein Bezugspunkt, man spricht mit einer Geisterstimme ohne Körper"""
"2018/12/11 3:29:53 PM MEZ,""6"",""Human"",""SMS"",""Klarer Fokus punkt mit Blickkontakt"",""Hatte das Gefühl ich müsste lauter reden, weil die Person weiter weg stand. """
"2018/12/11 3:38:09 PM MEZ,""6"",""Abstract"",""SMS"",""Klare Bezugsperson"",""Sms schreiben war zu visuell für die abstrakte Repräsentation, Blickkontakt in dem Moment hat gefehlt """
"2018/12/11 6:57:15 PM MEZ,""7"",""Human"",""WEATHER"",""The pointing of the avatar towards the weather prediction felt natural and pleasant."",""None"""
"2018/12/11 7:02:56 PM MEZ,""7"",""Abstract"",""WEATHER"",""None"",""The changing color was distracting."""
"2018/12/11 7:12:24 PM MEZ,""7"",""Invisible"",""CALL"",""I feel less distracted without a visualization."",""If pressed I would say the missing pointing."""
"2018/12/11 7:16:19 PM MEZ,""7"",""Invisible"",""WEATHER"",""As before, without visualization it is less distracting, and generally more pleasant."",""The missing visualization of the weather data made it hard to follow the forecast."""
"2018/12/11 7:23:45 PM MEZ,""7"",""Abstract"",""CALL"",""The mobile telephone prop of the avatar was quite nice."",""It felt like the avatar was calling the person, not me."""
"2018/12/11 7:32:38 PM MEZ,""7"",""Human"",""SMS"",""It was less strange seeing the avatar text someone for me than see them calling someone for me."",""I don't feel that there is a need for someone else to text for me"""
"2018/12/11 7:47:45 PM MEZ,""7"",""Human"",""CALL"",""None"",""It was kind of distracting o have someone else to do simple things for me"""
"2018/12/11 7:55:13 PM MEZ,""7"",""Abstract"",""SMS"",""None"",""The varying colors where distracting"""
"2018/12/12 8:55:54 AM MEZ,""7"",""Invisible"",""SMS"",""I prefer having no visualization."",""none"""
"2018/12/12 9:49:54 AM MEZ,""8"",""Abstract"",""WEATHER"",""Gesprächspartner sichtbar (als Ankerpunkt)"",""Fehlendes Gesicht, kein Blickkontakt möglich, Körper recht grell bunt"""
"2018/12/12 9:58:22 AM MEZ,""8"",""Invisible"",""WEATHER"",""nichts"",""kein Fixpunkt, Visualisierung muss erst gesucht werden"""
"2018/12/12 10:08:36 AM MEZ,""8"",""Human"",""WEATHER"",""Gesicht als Fixpunkt"",""nichts"""
"2018/12/12 10:19:49 AM MEZ,""8"",""Human"",""SMS"",""Gesicht als Fixpunkt, realistisches menschliches Verhalten des Avatars"",""nichts"""
"2018/12/12 10:28:45 AM MEZ,""8"",""Invisible"",""CALL"",""Keine Ablenkung durch einen Avatar"",""nichts"""
"2018/12/12 10:39:36 AM MEZ,""8"",""Abstract"",""SMS"",""Eigene Verbesserung: keine (schnell) animierte Textur, keine grellen Farben"",""animierte Textur und grelle Farben """
"2018/12/12 10:46:47 AM MEZ,""8"",""Abstract"",""CALL"",""nichts"",""animierte grelle Textur"""
"2018/12/12 10:53:57 AM MEZ,""8"",""Invisible"",""SMS"",""eigene Verbesserung: Message-Text visuell anzeigen"",""nichts"""
"2018/12/12 11:07:19 AM MEZ,""8"",""Human"",""CALL"",""menschliche Interaktion eigene Verbesserung: Avatar bewegt sich/ geht, setzt sich (menschlicher)"",""nichts"""
"2018/12/12 11:34:48 AM MEZ,""9"",""Invisible"",""WEATHER"",""the person could be there the whole time, nicer atmosphere (background picture)"",""if the person would be not there at all"""
"2018/12/12 11:42:29 AM MEZ,""9"",""Human"",""SMS"",""there could be a nicer background, assistant could smile more"",""person would be less there"""
"2018/12/12 11:51:29 AM MEZ,""9"",""Abstract"",""WEATHER"",""better to have a real person lookalike, the back ground was nicer but could be more precise"",""less animation"""
"2018/12/12 12:02:49 PM MEZ,""9"",""Abstract"",""SMS"",""better in person "",""less animation"""
"2018/12/12 12:05:34 PM MEZ,""9"",""Human"",""WEATHER"",""more animation"",""less animation"""
"2018/12/12 12:15:08 PM MEZ,""9"",""Invisible"",""SMS"",""more animation, better background"",""not talking at all"""
"2018/12/12 12:25:15 PM MEZ,""9"",""Invisible"",""CALL"",""more animation"",""not talking at all"""
"2018/12/12 12:39:52 PM MEZ,""9"",""Human"",""CALL"",""more animation"",""no humanoid body"""
"2018/12/12 12:45:58 PM MEZ,""9"",""Abstract"",""CALL"",""better human body an more animation in the background"",""not animation at all"""
"2018/12/12 2:27:10 PM MEZ,""10"",""Invisible"",""CALL"",""visible interaction partner not needed at this point"",""no decrease"""
"2018/12/12 2:36:39 PM MEZ,""10"",""Abstract"",""CALL"",""better than the humanoid visualization"",""none"""
"2018/12/12 2:44:41 PM MEZ,""10"",""Human"",""WEATHER"",""no increase of usability, creepy humanoid"",""decrease of the symphathy"""
"2018/12/12 2:56:58 PM MEZ,""10"",""Human"",""CALL"",""abstract or invisible is better"",""decrease of usability"""
"2018/12/12 3:09:24 PM MEZ,""10"",""Abstract"",""WEATHER"",""much better than human, nice visualization"",""no decrease of usability"""
"2018/12/12 3:19:53 PM MEZ,""10"",""Invisible"",""SMS"",""invisible is better than human"",""none"""
"2018/12/12 3:37:59 PM MEZ,""10"",""Invisible"",""WEATHER"",""better than human, equal to abstract"",""better usability than with human"""
"2018/12/12 3:43:05 PM MEZ,""10"",""Abstract"",""SMS"",""usability increase, conversation easy and not complicated"",""none"""
"2018/12/12 3:49:35 PM MEZ,""10"",""Human"",""SMS"",""visualization looks creepy, not my favorite"",""none"""
"2018/12/12 5:17:02 PM MEZ,""11"",""Human"",""WEATHER"",""None"",""Die Person hat eher gestört, Kontaktaufnahme mit Person war nicht notwendig für die erforderliche Frage"""
"2018/12/12 5:24:31 PM MEZ,""11"",""Invisible"",""CALL"",""Ich fands gut , dass es keine Visualisierung eines Gesprächspartners gab."",""Keine"""
"2018/12/12 5:32:03 PM MEZ,""11"",""Abstract"",""WEATHER"",""Wenn die Person erkennbare Augen hätte"",""None"""
"2018/12/12 5:38:16 PM MEZ,""11"",""Abstract"",""CALL"",""Die Personen waren besser zu erkennen."",""Die Telefongeste war unnötig, kann man weglassen"""
"2018/12/12 5:42:32 PM MEZ,""11"",""Invisible"",""WEATHER"",""Ich fand es gut, dass es keine Visualisierung eines Humanoiden gab"",""Text völlig ausreichend, evtl ein bisschen größer"""
"2018/12/12 5:48:57 PM MEZ,""11"",""Human"",""CALL"",""None"",""Visualisierung des ganzen Körpers ist zu gewaltig, halber Mensch, ab Hüfte vielleicht besser"""
"2018/12/12 5:55:23 PM MEZ,""11"",""Human"",""SMS"",""Visualisierung, Augenkontakt ist unnötig. "",""Geste zum Schreiben der Message ist unnötig"""
"2018/12/12 6:01:26 PM MEZ,""11"",""Invisible"",""SMS"",""Neutraler Hintergrund"",""Größerer Font"""
"2018/12/12 6:05:42 PM MEZ,""11"",""Abstract"",""SMS"",""Humanoide Fanatiefigur ist unnötig"",""Kein Augenkontakt, keine wirklich erkennbaren Augen"""
"2018/12/13 9:10:35 AM MEZ,""12"",""Abstract"",""WEATHER"",""i think a visualization is not really needed. "",""i think a visualization is not really needed. """
"2018/12/13 9:14:12 AM MEZ,""12"",""Human"",""WEATHER"",""i think a visualization is not really needed. "",""i think a visualization is not really needed. """
"2018/12/13 9:18:25 AM MEZ,""12"",""Invisible"",""WEATHER"",""there was no. that is fine"",""there was no. that is fine"""
"2018/12/13 9:23:34 AM MEZ,""12"",""Invisible"",""CALL"",""."",""."""
"2018/12/13 9:30:15 AM MEZ,""12"",""Human"",""SMS"",""i think a visualization  is not needed"",""i think a visualization  is not needed"""
"2018/12/13 9:34:54 AM MEZ,""12"",""Abstract"",""CALL"",""i think a visualization  is not needed"",""i think a visualization  is not needed"""
"2018/12/13 9:39:01 AM MEZ,""12"",""Abstract"",""SMS"",""i think a visualization  is not needed"",""i think a visualization  is not needed"""
"2018/12/13 9:43:42 AM MEZ,""12"",""Human"",""CALL"",""i think a visualization  is not needed"",""i think a visualization  is not needed"""
"2018/12/13 9:48:19 AM MEZ,""12"",""Invisible"",""SMS"",""the usability depends on connection to server. "",""the usability depends on connection to server. """
"2018/12/13 11:29:22 AM MEZ,""13"",""Invisible"",""WEATHER"",""es war interessant mit einem menschen ähnlichen typ zu sprechen, ähnlich eines video games "",""da es das erste mal war, dass ich das getestet habe, habe ich mich mehr auf die visualisierung als auf das konzentriert was ich dem speech assistant sagen wollte // ich habe mich nicht so gefühlt als wenn die visualisierung die jenige war, die mit mir geredet hat sondern die stimme aus dem off sich irgendwo versteckt """
"2018/12/13 11:37:23 AM MEZ,""13"",""Abstract"",""WEATHER"",""die visualisierung zieht einen in den bann, dadurch, dass es sich generell um eine technische gestaltung handelt passt für mich eine abstrakte person deutlich besser, sie ist eine art zukunftsmensch und ich würde lieber mit ihr reden können  da sie nicht einen bestimmten typen verkörpert (die realistische version lässt zu wenig freiheit der gestalteten person)"",""sie ist so interessant, dass sie mich ablenkt """
"2018/12/13 11:45:26 AM MEZ,""13"",""Human"",""SMS"",""die visualisierung ist dadurch interessant, dass man sich vorstellt, dass eine art butler einem arbeit abnimmt der menschlich ist "",""der mensch schaut einen nicht an er guckt über einen oder durch einen durch """
"2018/12/13 11:53:15 AM MEZ,""13"",""Human"",""WEATHER"",""die person verfolgt mich mit ihrem blick wenn ich mich bewege "",""die person lächelt nicht und hat keine gesichtszüge, was sie maschienenartig macht. sie dreht wenn man sich um sie dreht nur ihren kopf/körper leicht und die augen genauso mit wobei eine echte person die augen schon vor dem drehen in die richtung richtet in die man sich drehen möchte """
"2018/12/13 12:01:06 PM MEZ,""13"",""Abstract"",""SMS"",""der männliche sprecher hat mir besser gefallen als der weibliche, da ich eine art maschiene- zukunfts - mensch mir generell eher männlich vorstelle. auch die größe war besser, auf augenhöhe, und er wirkte wie eine art türsteher wie er sich bewegt hat (also positiv gemeint - stark und zuverlässig)"",""die frau war mir zu klein und wirkte nicht sehr fraulich generell, da haare ein wichtiger bestandteil einer frau sind meiner meinung nach. sah daher eher wie ein high tech kobold aus """
"2018/12/13 12:12:26 PM MEZ,""13"",""Invisible"",""CALL"",""es ist gut, da es überall sein könnte, man nirgendwo hinsehen muss  und man so mit ihm sprechen kann "",""ich fühle mich wohler generell mit etwas sichtbaren zu sprechen, da ich das gefühl habe ein resosanz körper den ich sehe hört mir allgemein mehr zu als einer den ich nicht sehe // """
"2018/12/13 12:18:46 PM MEZ,""13"",""Invisible"",""SMS"",""bei dieser version gefällt mir die weibliche stimme besser, da sie an bereits vorhandene geräte wie siri und alexa erinnert. eine männliche stimme ist daher etwas befremdlich // "",""die stimme fühlt sich so an als wäre es eine stimme die aus deinem kopf kommt das ist unangenehm """
"2018/12/13 12:29:29 PM MEZ,""13"",""Abstract"",""CALL"",""die visualisierung spricht mich am aller meisten an von den 3 varianten. wenn die visualiersung keine mimik hat ist das nicht störend. man hat trotzdem das gefühl, dass sie einem zuhört! das bunte wabern auf deren körpern ist ausserdem sehr ansprechend für das auge. es sieht aus als wenn der blutkreislauf eines menschen von innen nach aussen gespiegelt wurde. daher denke ich, dass die maschiene auf eine art und weise lebt"",""das telefon ist vllt noch etwas unpassend in der gestaltung da es eher realistisch aussehen soll """
"2018/12/13 12:43:25 PM MEZ,""13"",""Human"",""CALL"",""nach wie vor gefällt mir die abstrakte version des menschen am aller besten. den würde ich so mit mir mitnehmen wollen! Auch die tatsache, dass man durch ihn durchsehen kann und er daher ganz klar symbolisiert, dass er aus einer anderen ebene kommt man ihn noch interessanter als den gerade gezeigten """"menschenähnlichen"""" menschen. "",""die augen sind das was mich an dem menschen am meisten stören würde. sie sind das hauptmerkmal, das man braucht wenn man eine konversation mit einem menschen starten möchte. durch den augenkontakt emppfängt man reaktionen auf das gesagte und weis, dass zugehört wird. die augen müssten wacher, glänzender & aufgeweckter sein, damit es für mich funktionieren kann."""
"2018/12/13 2:21:36 PM MEZ,""14"",""Human"",""SMS"",""Human: I can see reactions, like typing on the smartphone, what's happening. That's fun to see and useful."",""nothing -- in case of not given Skills, it's not easy to know, what the assistant could do, so the usability would be limited by my knowledge of the existing functions."""
"2018/12/13 2:29:03 PM MEZ,""14"",""Invisible"",""WEATHER"",""A human like voice with full sentences, giving the feeling of speaking with a person on the telephone "",""When I don't see anything or anyone, It's a bit unpersonal. """
"2018/12/13 2:36:17 PM MEZ,""14"",""Abstract"",""SMS"",""nothing"",""the strange look of the 'human' was disturbing. A 'non-human' visualization like a robot or radiospeaker would be more practical. """
"2018/12/13 2:42:11 PM MEZ,""14"",""Abstract"",""WEATHER"",""like before"",""like before"""
"2018/12/13 2:51:06 PM MEZ,""14"",""Invisible"",""SMS"",""You can use it next to other tasks, because you don't think, you have to look at your assistant."",""When you don't see the assistant, you have no feedback during the usage. Especially, you don't know, when it is listening and when not."""
"2018/12/13 2:57:08 PM MEZ,""14"",""Human"",""WEATHER"",""Seeing a person to speak to helps a lot to feel comfortable and to feel understood."",""Too little gesture that helps to know, what the assistant currently does -- listening, calculatiing, waiting, nothing..."""
"2018/12/13 3:04:05 PM MEZ,""14"",""Human"",""CALL"",""Seeing the real action of someone using a phone. I was wondering what would happen, if the VIP would have answered the call. Would the assistant """"given"""" me the phone?"",""I was irritated, that the assistant took the phone on his/her own ear -- that was my call!"""
"2018/12/13 3:09:30 PM MEZ,""14"",""Invisible"",""CALL"",""nothing"",""no visual und limited acoustic feedback makes it difficult to know, what and when to talk."""
"2018/12/13 3:13:59 PM MEZ,""14"",""Abstract"",""CALL"",""Having a visual feedback"",""The style of the visualization was ugly and irritating."""
"2018/12/13 7:16:15 PM MEZ,""15"",""Abstract"",""SMS"",""none"","" es war etwas ungewöhnlich weil die abstrakte form schon ganz menschlich aussah, und war auch """"nackt"""" was etwas komisch war. auch als die Silouette mit dem Handy gespielt hat, war das zu real für die Abstrakte form. Ich hätte lieber eine Abstrakte form, nicht als Menschliche Silouette gehabt, sondern eine andere Figur- wie z.B. Comicfigur o.ä."""
"2018/12/13 7:30:21 PM MEZ,""15"",""Human"",""SMS"",""beide Personen sahen gut aus und kamen mir sympatisch vor. Es war einfach mit den zu kommunizieren. "",""ich fand es etwas ungewohnt, dass die Person mich die ganze Zeit angesehen hat, auch als ich schon fast hinter ihr war. Es wäre vielleicht besser, wenn die Mimik der Person etwas dynamischer wäre."""
"2018/12/13 7:40:02 PM MEZ,""15"",""Invisible"",""SMS"",""ich fand die Stimme sehr angenehm, hab eine Silouette nicht unbedingt vermisst um mich wohl zu fühlen mit dem Assistent zu sprechen."",""none"""
"2018/12/13 7:47:40 PM MEZ,""15"",""Invisible"",""WEATHER"",""die Wetteranzeige fand ich gut"",""Ich konnte nicht sofort sehen wo die Anzeige ist."""
"2018/12/13 8:00:52 PM MEZ,""15"",""Human"",""CALL"",""gleich wie andere """"Humanoide"""""",""gleich wie andere """"Humanoide"""""""
"2018/12/13 8:06:34 PM MEZ,""15"",""Abstract"",""WEATHER"",""wie bei dem """"abstract"""""",""wie bei dem abstract"""
"2018/12/13 8:13:43 PM MEZ,""15"",""Abstract"",""CALL"",""Antwort wie bei """"Abstract"""""",""Antwort wie bei """"Abstract"""""""
"2018/12/13 8:19:55 PM MEZ,""15"",""Human"",""WEATHER"",""Antwort wie bei Humanoid. Es gefiel mir ausserdem dass die Person den Bericht-Tafel """"präsentiert"""" hat."",""Antwort wie bei Humanoid"""
"2018/12/13 8:25:41 PM MEZ,""15"",""Invisible"",""CALL"",""Antwort wie bei Invisible."",""Antwort wie bei Invisible."""
"2018/12/14 9:18:29 AM MEZ,""16"",""Invisible"",""SMS"",""Gefällt mir nicht. Deshalb benutze ich auch siri selten."",""Schwerfällig, man muss sich angewöhnen sehr präzise zu sprechen."""
"2018/12/14 9:33:09 AM MEZ,""16"",""Abstract"",""SMS"",""nichts"",""Ich habe keinen Unterschied empfunden."""
"2018/12/14 9:42:38 AM MEZ,""16"",""Human"",""CALL"",""Sehr sympathisch, macht Spass mit Ihr zu reden."",""Nichts"""
"2018/12/14 9:54:18 AM MEZ,""16"",""Human"",""SMS"",""Es macht Spass mit ihnen zu kommunizieren."",""nichts"""
"2018/12/14 10:04:33 AM MEZ,""16"",""Abstract"",""CALL"",""Nichts"",""Nicht schön anzuschauen. Dummer Computer!"""
"2018/12/14 10:12:22 AM MEZ,""16"",""Invisible"",""WEATHER"",""Keine Ablenkung"",""Ich wusste nicht, wann ich sprechen sollte."""
"2018/12/14 10:22:45 AM MEZ,""16"",""Invisible"",""CALL"",""Wie der vorherige Test."",""Wie der vorherige Test."""
"2018/12/14 10:35:40 AM MEZ,""16"",""Abstract"",""WEATHER"",""Die technische Erscheinung wirkt negativ auf mich."",""Zu technisch"""
"2018/12/14 10:42:26 AM MEZ,""16"",""Human"",""WEATHER"",""Die nette Erscheinung macht die Conversation sehr angenehm."",""nichts"""
"2018/12/14 1:00:43 PM MEZ,""17"",""Human"",""CALL"",""Die Benutzerfreundlichkeit steigt vor allem dadurch, dass es sich mehr wie eine Soziale Interaktion anfühlt, da es nicht natürlich ist normalerweise mit """"der Luft"""" zu sprechen. Vor allem durch die Visualisierung des Anrufes durch den Sprachassistenten wirkt es deutlich echter und natürlicher. Die Tatsache, dass man einer """"Person"""" Kommandos gibt ist wohl auch einfacher und intuitiver als das in den leeren Raum zu rufen. "",""Die Wartezeiten zwischen dem gegebenen Kommando und der Reaktion des Sprachassistenten ist etwas lange, welche einen verunsichert, ob das alles so korrekt war. Auch wäre es schön, wenn der Sprachassistent einen anschaut"""
"2018/12/14 1:10:37 PM MEZ,""17"",""Invisible"",""SMS"",""Es gibt keine Ablenkung durch eine Visualisierung, daher muss man sich auf das Gesagte konzentrieren."",""Vor allem durch den Kontrast durch den davor gezeigten humanoiden Sprachassistenten wirkt das extrem komisch und leer, wenn es keine Visualisierung gibt. Ohne diese fühl sich das sehr isoliert an"""
"2018/12/14 1:19:59 PM MEZ,""17"",""Abstract"",""CALL"",""Einerseits gleiche Gründe, wie bei der humanoiden Form. Zusätzlich wirkte diese etwas menschlicher, da durch die abstrakte Form nicht unbedingt eine bestimmte Mimik, Gestik oder Aussehen erwartet wird und ich dadurch die gegebene einfacher annehmen kann. die technische Komponente der Visualisierung fällt einfach weniger auf, da Fehler im Bereich der """"Natürlichkeit"""" nicht sofort als solche empfunden werden"",""Vielleicht ist eine andere Art der Visualisierung die weniger dynamisch ist einfacher für die Kommunikation, da man durch die bunten Farben und die Bewegung schon sehr abgelenkt wird. """
"2018/12/14 1:31:08 PM MEZ,""17"",""Abstract"",""SMS"",""Gleiche Angaben, wie bei der letzten Visualisierung des Abstrakten"",""Gleiche Angaben, wie bei der letzten Visualisierung des Abstrakten"""
"2018/12/14 1:37:18 PM MEZ,""17"",""Invisible"",""CALL"",""Gleiche Angaben, wie bei der letzten Visualisierung des Unsichtbaren"",""Gleiche Angaben, wie bei der letzten Visualisierung des Unsichtbaren"""
"2018/12/14 1:44:40 PM MEZ,""17"",""Human"",""SMS"",""Gleiche Angaben, wie bei der letzten Visualisierung des Humanoiden"",""Gleiche Angaben, wie bei der letzten Visualisierung des Humanoiden"""
"2018/12/14 1:54:05 PM MEZ,""17"",""Human"",""WEATHER"",""Gleiche Angaben, wie bei der letzten Visualisierung des Humanoiden"",""Gleiche Angaben, wie bei der letzten Visualisierung des Humanoiden"""
"2018/12/14 1:58:10 PM MEZ,""17"",""Invisible"",""WEATHER"",""Gleiche Angaben, wie bei der letzten Visualisierung des Unsichtbaren"",""Gleiche Angaben, wie bei der letzten Visualisierung des Unsichtbaren"""
"2018/12/14 2:01:16 PM MEZ,""17"",""Abstract"",""WEATHER"",""Gleiche Angaben, wie bei der letzten Visualisierung des Abstrakten"",""Gleiche Angaben, wie bei der letzten Visualisierung des Abstrakten"""
"2018/12/16 7:46:34 PM MEZ,""18"",""Abstract"",""CALL"",""abwelchselne Personen , männlich  , weiblich"",""--"""
"2018/12/16 7:56:54 PM MEZ,""18"",""Human"",""CALL"",""sehr angenehm, eine menschliche Person vor sich zu haben"",""--"""
"2018/12/16 8:03:56 PM MEZ,""18"",""Invisible"",""CALL"",""--"",""kein Visuelles Feedback mehr, keine Bezugsperson"""
"2018/12/16 8:14:14 PM MEZ,""18"",""Invisible"",""SMS"",""das gleiche wie eben"",""--"""
"2018/12/16 8:20:10 PM MEZ,""18"",""Human"",""WEATHER"",""Menschlich aussehende Person, Grafische Wetteransicht"",""--"""
"2018/12/16 8:27:34 PM MEZ,""18"",""Abstract"",""SMS"",""eine visuelles Feedback"",""unruhig, etwas ablenkend"""
"2018/12/16 8:35:13 PM MEZ,""18"",""Abstract"",""WEATHER"",""wie eben"",""wie eben"""
"2018/12/16 8:41:27 PM MEZ,""18"",""Human"",""SMS"",""Darstellung der Personen sehr gut, gute Qualität, angenehme Animation"",""--"""
"2018/12/16 8:48:37 PM MEZ,""18"",""Invisible"",""WEATHER"",""keine Ablenkung"",""kein anschauliches Feedback"""
